AblationType,Gamma,Lambda,Image Cfact logit,Image Fact Logit,Text Cfact Logit,Text Fact Logit,Image Cfact>Fact,Text Cfact>Fact,Image Valid Examples,Text Valid Examples,Image Pos Higher,Text Pos Higher,indexes_cfact_gt_fact_text
last-row-paired,-4.0,4.0,7.999350547790527,26.92155957221985,6.203269004821777,74.14517974853516,17.434210526315788,4.662004662004662,304,429,42.038990825688074,7.543577981651376,"[1, 3, 29, 50, 82, 100, 120, 124, 136, 194, 204, 256, 263, 272, 277, 300, 357, 364, 420]"
last-row-paired,-3.0,3.0,13.308372974395752,39.0217090845108,6.305155038833618,83.29692840576172,25.737265415549597,2.7906976744186047,373,430,27.272935779816514,6.327981651376147,"[1, 100, 120, 124, 194, 204, 256, 263, 357, 364]"
last-row-paired,-2.0,2.0,37.76002508401871,44.720054149627686,6.6618430614471436,90.62927627563477,42.89156626506024,1.8561484918793503,415,431,13.676605504587156,5.5963302752293576,"[1, 100, 124, 204, 229, 256, 263, 357]"
last-row-paired,-1.0,1.0,91.92409908771515,39.1701255440712,6.95792555809021,96.06390380859375,68.28703703703704,1.3921113689095126,432,431,4.834862385321101,5.098623853211009,"[124, 204, 256, 263]"
last-row-paired,0.0,-0.0,123.36236000061035,33.05144399404526,7.099663019180298,99.89018821716309,77.18894009216591,0.4629629629629629,434,432,3.2224770642201834,4.8692660550458715,[]
last-row-paired,1.0,-1.0,134.22870087623596,29.097639091312885,7.1649370193481445,102.06123161315918,80.64516129032258,1.160092807424594,434,431,3.0389908256880735,4.910550458715596,"[69, 70, 130, 253, 411]"
last-row-paired,2.0,-2.0,141.44906497001648,25.464736867696047,7.297543048858643,102.72444820404053,82.48847926267281,1.6241299303944314,434,431,3.1077981651376145,5.112385321100917,"[69, 70, 130, 170, 253, 304, 411]"
last-row-paired,3.0,-3.0,149.36086082458496,21.488807797431946,8.135180354118347,99.57840156555176,84.06466512702079,2.5522041763341066,433,431,3.2224770642201834,5.871559633027523,"[50, 65, 69, 70, 80, 130, 170, 253, 304, 411, 416]"
last-row-paired,4.0,-4.0,157.0124837756157,19.246036000549793,8.861261785030365,91.80884122848511,85.68129330254041,4.428904428904429,433,429,3.543577981651376,7.422018348623853,"[5, 6, 10, 50, 65, 69, 70, 80, 107, 130, 170, 215, 253, 304, 365, 411, 416]"
